koi_period,koi_impact,koi_duration,koi_depth,koi_prad,koi_teq,koi_insol,koi_model_snr,koi_tce_plnt_num,koi_steff,koi_slogg,koi_srad,ra,dec,koi_kepmag,kepoi_name,kepler_name
9.488036,0.146,2.95,615.8,1.88,793,1160.0,35.0,1,5455,4.467,0.927,291.93423,48.141651,15.347,K00752.01,Kepler-227 b
2.204735,0.0,1.69,3516.0,1.04,1538,5918.0,18.8,1,6031,4.438,1.048,297.00482,48.134129,14.730,K00753.01,Kepler-228 b
4.617432,0.0,2.55,1701.0,1.59,1146,3077.0,21.4,1,5455,4.467,0.927,291.93423,48.141651,15.347,K00754.01,Kepler-229 b
38.109138,0.0,5.89,109.0,2.07,374,32.4,10.2,1,3584,4.804,0.626,295.57474,48.285030,16.129,K00755.01,Kepler-230 b
89.859138,0.0,7.89,89.0,2.34,318,16.4,8.9,1,3584,4.804,0.626,295.57474,48.285030,16.129,K00756.01,Kepler-231 b