kepoi_name,kepler_name,koi_period,koi_impact,koi_duration,koi_depth,koi_prad,koi_teq,koi_insol,koi_model_snr,koi_tce_plnt_num,koi_steff,koi_slogg,koi_srad,ra,dec,koi_kepmag,koi_fpflag_nt,koi_fpflag_ss,koi_fpflag_co,koi_fpflag_ec,koi_max_sngle_ev,koi_max_mult_ev
K00752.01,Kepler-227 b,3.52,0.146,2.95,615.8,1.97,793,1590,35.0,1,5455,4.467,0.927,291.93423,48.141651,15.347,0,0,0,0,7.269,6.269
K00753.01,Kepler-228 b,2.47,0.666,2.38,516.7,1.38,1024,2455,18.6,1,5853,4.438,1.046,297.00482,48.134129,15.436,0,0,0,0,9.158,8.158
K00754.01,Kepler-229 b,4.89,0.190,3.69,302.0,2.38,638,675,20.1,1,4639,4.596,0.930,297.00482,48.134129,15.436,0,0,0,0,5.432,4.432
K00755.01,Kepler-230 b,7.38,0.140,4.28,1799.0,2.36,1138,1856,35.0,1,6031,4.438,1.793,285.67932,48.285210,14.730,0,0,0,0,12.345,11.345
K00756.01,Kepler-231 b,1.59,0.969,1.53,8737.0,11.0,1316,3191,35.0,1,5777,4.486,1.004,285.67932,48.285210,14.730,0,0,0,0,15.678,14.678